episode_reward_max,episode_reward_min,episode_reward_mean,episode_len_mean,episodes_this_iter,timesteps_this_iter,done,timesteps_total,episodes_total,training_iteration,experiment_id,date,timestamp,time_this_iter_s,time_total_s,pid,hostname,node_ip,time_since_restore,timesteps_since_restore,iterations_since_restore,num_healthy_workers,trial_id,policy_reward_mean/agent_0,policy_reward_mean/agent_1,sampler_perf/mean_env_wait_ms,sampler_perf/mean_processing_ms,sampler_perf/mean_inference_ms,info/min_exploration,info/max_exploration,info/num_target_updates,info/num_steps_trained,info/num_steps_sampled,info/sample_throughput,info/train_throughput,info/num_weight_syncs,info/num_samples_dropped,info/learner_queue/size_count,info/learner_queue/size_mean,info/learner_queue/size_std,info/learner_queue/size_quantiles,info/replay_shard_0/add_batch_time_ms,info/replay_shard_0/replay_time_ms,info/replay_shard_0/update_priorities_time_ms,info/replay_shard_0/policy_agent_0/added_count,info/replay_shard_0/policy_agent_0/sampled_count,info/replay_shard_0/policy_agent_0/est_size_bytes,info/replay_shard_0/policy_agent_0/num_entries,info/replay_shard_0/policy_agent_1/added_count,info/replay_shard_0/policy_agent_1/sampled_count,info/replay_shard_0/policy_agent_1/est_size_bytes,info/replay_shard_0/policy_agent_1/num_entries,info/learner/agent_0/cur_lr,info/learner/agent_0/mean_td_error,info/learner/agent_1/cur_lr,info/learner/agent_1/mean_td_error
60.11816778351247,37.43601148493483,48.815791266296536,100.0,864,86272,False,86272,864,1,27f3fdea70d44169b3b70d18de8f3b17,2019-10-14_14-59-58,1571065198,30.572794675827026,30.572794675827026,31024,RL-K80,10.0.0.4,30.572794675827026,86272,1,4,c28d2d2e,24.34584313191036,24.46994813438618,1.151905977723921,3.2670660772212536,2.0843418110633865,1.0,1.0,2,124672,86272,9316.713,4658.356,168,271,6928,0.22,0.41424630354415964,"[0.0, 0.0, 0.0, 1.0, 1.0]",31.99,101.235,50.825,17152,37120,22349548,17152,17152,37120,22349548,17152,0.0005000000237487257,2.217859983444214,0.0005000000237487257,2.1924524307250977
56.77079150452539,28.974814949338935,41.83739246281246,100.0,848,84224,False,170496,1712,2,27f3fdea70d44169b3b70d18de8f3b17,2019-10-14_15-00-28,1571065228,30.6077983379364,61.18059301376343,31024,RL-K80,10.0.0.4,61.18059301376343,170496,2,4,c28d2d2e,20.864711574112693,20.972680888699767,1.2157146296334012,3.446353815522344,2.249558660922308,0.8291814399999999,0.8291814399999999,5,273408,170496,0.0,25008.544,332,271,7509,0.16,0.36660605559646714,"[0.0, 0.0, 0.0, 1.0, 1.0]",40.006,100.703,50.356,38144,76032,49702892,38144,38144,76032,49702892,38144,0.0005000000237487257,2.0824387073516846,0.0005000000237487257,2.061607837677002
58.95535755770906,35.56645341572913,48.989942390089915,100.0,928,92928,False,263424,2640,3,27f3fdea70d44169b3b70d18de8f3b17,2019-10-14_15-00-59,1571065259,30.52114963531494,91.70174264907837,31024,RL-K80,10.0.0.4,91.70174264907837,263424,3,4,c28d2d2e,25.41769963729621,23.572242752793702,1.2050425010210943,3.3836129646500703,2.228030614586259,0.66241792,0.66241792,8,430336,263424,0.0,0.0,514,271,8122,0.22,0.46,"[0.0, 0.0, 0.0, 1.0, 2.0]",34.159,98.756,59.998,60928,116480,79391100,60928,60928,116480,79391100,60928,0.0005000000237487257,1.920093297958374,0.0005000000237487257,1.920866847038269
59.514584426946065,45.62572238772789,51.98938214405438,100.0,896,89600,False,353024,3536,4,27f3fdea70d44169b3b70d18de8f3b17,2019-10-14_15-01-30,1571065290,30.630589962005615,122.33233261108398,31024,RL-K80,10.0.0.4,122.33233261108398,353024,4,4,c28d2d2e,26.346426686651846,25.642955457402536,1.2118378404047543,3.391738467206032,2.2283260507133926,0.47842048000000004,0.47842048000000004,11,589056,353024,0.0,0.0,689,271,8742,0.22,0.46,"[0.0, 0.0, 0.0, 1.0, 2.0]",34.732,107.385,59.464,82432,157696,97727360,75000,82432,157696,97727360,75000,0.0005000000237487257,1.7667269706726074,0.0005000000237487257,1.7788985967636108
64.87426148546379,48.753377306498685,57.32139060214083,100.0,920,91392,False,444416,4456,5,27f3fdea70d44169b3b70d18de8f3b17,2019-10-14_15-02-00,1571065320,30.54375195503235,152.87608456611633,31024,RL-K80,10.0.0.4,152.87608456611633,444416,5,4,c28d2d2e,27.865996432220687,29.455394169920147,1.2182655075956572,3.3860790920616974,2.2148551363673397,0.30101248,0.30101248,14,744960,444416,7063.812,7063.812,867,271,9352,0.04,0.19595917942265428,"[0.0, 0.0, 0.0, 0.0, 1.0]",32.275,96.757,50.584,103168,197376,97727360,75000,103168,197376,97727360,75000,0.0005000000237487257,1.594727635383606,0.0005000000237487257,1.631082534790039
61.33119575937934,51.19406611123669,55.627171268877866,100.0,928,92672,False,537088,5384,6,27f3fdea70d44169b3b70d18de8f3b17,2019-10-14_15-02-31,1571065351,30.543023586273193,183.41910815238953,31024,RL-K80,10.0.0.4,183.41910815238953,537088,6,4,c28d2d2e,23.460499444658684,32.166671824219186,1.2217547575574441,3.37939860773865,2.1976553701578965,0.1200563200000001,0.1200563200000001,17,900096,537088,0.0,0.0,1048,271,9957,0.08,0.2712931993250107,"[0.0, 0.0, 0.0, 0.0, 1.0]",36.751,98.643,49.938,128256,237312,97727360,75000,128256,237312,97727360,75000,0.0005000000237487257,1.4302557706832886,0.0005000000237487257,1.4523289203643799
56.94895620546748,48.89624621461164,51.98797393949791,100.0,912,92160,False,629248,6296,7,27f3fdea70d44169b3b70d18de8f3b17,2019-10-14_15-03-01,1571065381,30.54991364479065,213.96902179718018,31024,RL-K80,10.0.0.4,213.96902179718018,629248,7,4,c28d2d2e,21.082109764307173,30.905864175190732,1.2262354965998987,3.373592975537316,2.1905716554907575,0.010000000000000009,0.010000000000000009,21,1054720,629248,0.0,0.0,1228,271,10562,0.2,0.4,"[0.0, 0.0, 0.0, 1.0, 1.0]",32.196,91.825,50.591,149760,273152,97727360,75000,149760,273152,97727360,75000,0.0005000000237487257,1.2761927843093872,0.0005000000237487257,1.186930775642395
54.64847770472029,50.945611237526414,52.61439241324693,100.0,944,94720,False,723968,7240,8,27f3fdea70d44169b3b70d18de8f3b17,2019-10-14_15-03-32,1571065412,30.574086904525757,244.54310870170593,31024,RL-K80,10.0.0.4,244.54310870170593,723968,8,4,c28d2d2e,23.625876577352017,28.988515835894905,1.2191269191146066,3.357715402676941,2.179758247649861,0.010000000000000009,0.010000000000000009,24,1204736,723968,0.0,18352.992,1413,271,11147,0.06,0.23748684174075835,"[0.0, 0.0, 0.0, 0.0, 1.0]",36.989,97.602,51.725,174336,311552,97727360,75000,174336,311552,97727360,75000,0.0005000000237487257,1.2117263078689575,0.0005000000237487257,0.9924811124801636
51.941877779417716,49.3707461178148,50.5950187487809,100.0,912,91136,False,815104,8152,9,27f3fdea70d44169b3b70d18de8f3b17,2019-10-14_15-04-03,1571065443,30.59012246131897,275.1332311630249,31024,RL-K80,10.0.0.4,275.1332311630249,815104,9,4,c28d2d2e,24.566487392562124,26.028531356218767,1.225376435417638,3.359566452134643,2.176456246506278,0.010000000000000009,0.010000000000000009,27,1359872,815104,0.0,0.0,1591,271,11753,0.16,0.36660605559646714,"[0.0, 0.0, 0.0, 1.0, 1.0]",35.474,108.715,57.55,198656,350464,97727360,75000,198656,350464,97727360,75000,0.0005000000237487257,1.1416761875152588,0.0005000000237487257,0.8737107515335083
52.1995172829448,49.51445278440332,50.718178346781635,100.0,936,92928,False,908032,9088,10,27f3fdea70d44169b3b70d18de8f3b17,2019-10-14_15-04-33,1571065473,30.633130073547363,305.76636123657227,31024,RL-K80,10.0.0.4,305.76636123657227,908032,10,4,c28d2d2e,24.832364103416584,25.885814243365044,1.2243548837834173,3.3587589982146673,2.173309515932353,0.010000000000000009,0.010000000000000009,30,1513216,908032,0.0,0.0,1773,271,12353,0.06,0.23748684174075835,"[0.0, 0.0, 0.0, 0.0, 1.0]",35.139,106.865,59.248,219392,386816,97727360,75000,219392,386816,97727360,75000,0.0005000000237487257,1.0636712312698364,0.0005000000237487257,0.777066707611084
52.521452517396696,50.212097069144534,51.22564935333451,100.0,912,91392,False,999424,10000,11,27f3fdea70d44169b3b70d18de8f3b17,2019-10-14_15-05-04,1571065504,30.604281663894653,336.3706429004669,31024,RL-K80,10.0.0.4,336.3706429004669,999424,11,4,c28d2d2e,25.08172551022071,26.1439238431138,1.2209806656910809,3.358833390292278,2.1725159579499187,0.010000000000000009,0.010000000000000009,33,1667584,999424,6279.522,6279.522,1951,271,12955,0.18,0.4331281565541544,"[0.0, 0.0, 0.0, 1.0, 2.0]",40.014,107.458,56.026,238848,427776,97727360,75000,238848,427776,97727360,75000,0.0005000000237487257,0.9891161918640137,0.0005000000237487257,0.7146995067596436
60.93988984008177,49.351614167632256,53.38315873943441,100.0,888,89344,False,1088768,10888,12,27f3fdea70d44169b3b70d18de8f3b17,2019-10-14_15-05-34,1571065534,30.543152332305908,366.9137952327728,31024,RL-K80,10.0.0.4,366.9137952327728,1088768,12,4,c28d2d2e,25.162913202384974,28.220245537049436,1.2180388546275498,3.3651649638235424,2.182044919863006,0.010000000000000009,0.010000000000000009,36,1823488,1088768,0.0,0.0,2125,271,13564,0.26,0.482078831727758,"[0.0, 0.0, 0.0, 1.0, 2.0]",34.168,104.315,54.413,259584,465920,97727360,75000,259584,465920,97727360,75000,0.0005000000237487257,0.9246705174446106,0.0005000000237487257,0.6603387594223022
63.002795302412125,47.16186793498196,52.45817830613955,100.0,920,91136,False,1179904,11808,13,27f3fdea70d44169b3b70d18de8f3b17,2019-10-14_15-06-05,1571065565,30.532041549682617,397.44583678245544,31024,RL-K80,10.0.0.4,397.44583678245544,1179904,13,4,c28d2d2e,25.102793565495755,27.355384740643782,1.2162216107624297,3.367209851943022,2.1855315312367822,0.010000000000000009,0.010000000000000009,39,1977344,1179904,6498.271,6498.271,2304,271,14166,0.12,0.3249615361854384,"[0.0, 0.0, 0.0, 1.0, 1.0]",36.033,93.473,45.392,282112,506112,97727360,75000,282112,506112,97727360,75000,0.0005000000237487257,0.8593184947967529,0.0005000000237487257,0.5987145304679871
62.4263504395364,47.005728349103066,51.84615853501818,100.0,912,91392,False,1271296,12720,14,27f3fdea70d44169b3b70d18de8f3b17,2019-10-14_15-06-36,1571065596,30.578291177749634,428.0241279602051,31024,RL-K80,10.0.0.4,428.0241279602051,1271296,14,4,c28d2d2e,25.068966001357335,26.777192533660845,1.2145912210373198,3.367031182647321,2.1864301547349303,0.010000000000000009,0.010000000000000009,42,2132992,1271296,13838.663,0.0,2481,271,14774,0.22,0.41424630354415964,"[0.0, 0.0, 0.0, 1.0, 1.0]",29.266,101.871,55.225,305152,543232,97727360,75000,305152,543232,97727360,75000,0.0005000000237487257,0.8124425411224365,0.0005000000237487257,0.5546554327011108
62.77375676410741,47.38671405057356,53.18038179671313,100.0,936,93952,False,1365248,13656,15,27f3fdea70d44169b3b70d18de8f3b17,2019-10-14_15-07-06,1571065626,30.560975551605225,458.5851035118103,31024,RL-K80,10.0.0.4,458.5851035118103,1365248,15,4,c28d2d2e,25.4753428385314,27.70503895818173,1.2102804031889978,3.3620579302672375,2.180480749997732,0.010000000000000009,0.010000000000000009,45,2283264,1365248,0.0,0.0,2665,271,15360,0.2,0.4,"[0.0, 0.0, 0.0, 1.0, 1.0]",33.61,95.946,46.832,331776,580096,97727360,75000,331776,580096,97727360,75000,0.0005000000237487257,0.7656896710395813,0.0005000000237487257,0.5200455784797668
62.60783009430668,46.76678723090363,52.35818788550844,100.0,936,92928,False,1458176,14592,16,27f3fdea70d44169b3b70d18de8f3b17,2019-10-14_15-07-37,1571065657,30.627148151397705,489.212251663208,31024,RL-K80,10.0.0.4,489.212251663208,1458176,16,4,c28d2d2e,25.018703775960415,27.339484109548035,1.21150017248674,3.363201765387601,2.176109044731038,0.010000000000000009,0.010000000000000009,48,2433024,1458176,0.0,0.0,2847,271,15945,0.12,0.3249615361854384,"[0.0, 0.0, 0.0, 1.0, 1.0]",35.475,117.697,56.327,353024,617984,97727360,75000,353024,617984,97727360,75000,0.0005000000237487257,0.7346504926681519,0.0005000000237487257,0.5028138756752014
66.76128845478418,49.47419307788121,55.40284481011262,100.0,888,89088,False,1547264,15480,17,27f3fdea70d44169b3b70d18de8f3b17,2019-10-14_15-08-08,1571065688,30.583445072174072,519.7956967353821,31024,RL-K80,10.0.0.4,519.7956967353821,1547264,17,4,c28d2d2e,26.876030048988927,28.52681476112368,1.2115721269382844,3.3665547375205733,2.183386518885695,0.010000000000000009,0.010000000000000009,51,2593792,1547264,17333.234,0.0,3020,271,16573,0.22,0.5015974481593781,"[0.0, 0.0, 0.0, 1.0, 2.0]",28.784,91.168,49.238,375040,658944,97727360,75000,375040,658944,97727360,75000,0.0005000000237487257,0.6754782199859619,0.0005000000237487257,0.46851640939712524
66.39830874946412,51.71643550522296,55.27748566753357,100.0,944,94464,False,1641728,16424,18,27f3fdea70d44169b3b70d18de8f3b17,2019-10-14_15-08-38,1571065718,30.552587032318115,550.3482837677002,31024,RL-K80,10.0.0.4,550.3482837677002,1641728,18,4,c28d2d2e,27.28959566543811,27.987890002095458,1.2072776872065292,3.3625891042735816,2.176493507422577,0.010000000000000009,0.010000000000000009,54,2743808,1641728,17366.314,0.0,3205,271,17159,0.2,0.4,"[0.0, 0.0, 0.0, 1.0, 1.0]",34.293,103.252,40.354,397824,696320,97727360,75000,397824,696320,97727360,75000,0.0005000000237487257,0.6095702648162842,0.0005000000237487257,0.4430098533630371
67.05277472427797,51.99112452794069,54.81306105302806,100.0,920,91904,False,1733632,17344,19,27f3fdea70d44169b3b70d18de8f3b17,2019-10-14_15-09-09,1571065749,30.435006618499756,580.7832903862,31024,RL-K80,10.0.0.4,580.7832903862,1733632,19,4,c28d2d2e,27.155542440490002,27.657518612538052,1.2057359497714384,3.3615776347325843,2.1802968005240944,0.010000000000000009,0.010000000000000009,57,2900736,1733632,0.0,0.0,3385,271,17772,0.16,0.36660605559646714,"[0.0, 0.0, 0.0, 1.0, 1.0]",37.686,89.851,45.56,425728,734720,97727360,75000,425728,734720,97727360,75000,0.0005000000237487257,0.5558477640151978,0.0005000000237487257,0.4249284863471985
67.34877715698744,52.52287355678071,55.73519668659089,100.0,912,92160,False,1825792,18256,20,27f3fdea70d44169b3b70d18de8f3b17,2019-10-14_15-09-39,1571065779,30.60828161239624,611.3915719985962,31024,RL-K80,10.0.0.4,611.3915719985962,1825792,20,4,c28d2d2e,27.680456885231294,28.054739801359585,1.2060845071091175,3.361228022162306,2.1769779552895416,0.010000000000000009,0.010000000000000009,60,3052800,1825792,0.0,0.0,3565,271,18366,0.14,0.4004996878900157,"[0.0, 0.0, 0.0, 1.0, 2.0]",31.63,83.324,45.886,453120,770816,97727360,75000,453120,770816,97727360,75000,0.0005000000237487257,0.5168523788452148,0.0005000000237487257,0.4162679612636566
65.41075729584604,52.75679569816538,55.52431299233395,100.0,928,91648,False,1917440,19184,21,27f3fdea70d44169b3b70d18de8f3b17,2019-10-14_15-10-10,1571065810,30.52116870880127,641.9127407073975,31024,RL-K80,10.0.0.4,641.9127407073975,1917440,21,4,c28d2d2e,27.739447336142874,27.784865656191073,1.2060850511862522,3.3617532716460663,2.1775443120438838,0.010000000000000009,0.010000000000000009,63,3209472,1917440,0.0,0.0,3744,271,18978,0.14,0.34698703145794946,"[0.0, 0.0, 0.0, 1.0, 1.0]",35.727,91.656,45.438,477440,810496,97727360,75000,477440,810496,97727360,75000,0.0005000000237487257,0.4923279285430908,0.0005000000237487257,0.4205999970436096
66.56725192353832,40.75634746360328,55.68674604146103,100.0,920,91904,False,2009344,20104,22,27f3fdea70d44169b3b70d18de8f3b17,2019-10-14_15-10-40,1571065840,30.641937255859375,672.5546779632568,31024,RL-K80,10.0.0.4,672.5546779632568,2009344,22,4,c28d2d2e,27.609266033766076,28.077480007694952,1.2047133377604018,3.359804231982219,2.1798773755601553,0.010000000000000009,0.010000000000000009,67,3366400,2009344,17565.466,0.0,3923,271,19591,0.12,0.3249615361854384,"[0.0, 0.0, 0.0, 1.0, 1.0]",37.48,112.489,57.566,500224,849920,97727360,75000,500224,849920,97727360,75000,0.0005000000237487257,0.4569932818412781,0.0005000000237487257,0.41809576749801636
66.87855427040716,52.09490893839486,57.92776389748857,100.0,944,94720,False,2104064,21048,23,27f3fdea70d44169b3b70d18de8f3b17,2019-10-14_15-11-11,1571065871,30.439331531524658,702.9940094947815,31024,RL-K80,10.0.0.4,702.9940094947815,2104064,23,4,c28d2d2e,29.196592212377137,28.731171685111427,1.2011161558791885,3.3558717044574893,2.175630390044809,0.010000000000000009,0.010000000000000009,70,3518464,2104064,0.0,13780.939,4109,271,20185,0.14,0.3469870314579494,"[0.0, 0.0, 0.0, 1.0, 1.0]",36.503,85.914,45.394,526848,887808,97727360,75000,526848,887808,97727360,75000,0.0005000000237487257,0.44177690148353577,0.0005000000237487257,0.41133368015289307
64.6479666114019,54.596443001457374,59.78541055343205,100.0,952,94720,False,2198784,22000,24,27f3fdea70d44169b3b70d18de8f3b17,2019-10-14_15-11-42,1571065902,30.638043880462646,733.6320533752441,31024,RL-K80,10.0.0.4,733.6320533752441,2198784,24,4,c28d2d2e,30.53636886890083,29.249041684531218,1.1975114080806297,3.3530765981697583,2.174497849606832,0.010000000000000009,0.010000000000000009,73,3671808,2198784,0.0,0.0,4293,271,20784,0.1,0.3,"[0.0, 0.0, 0.0, 0.10000000000000142, 1.0]",32.001,80.048,39.369,549632,926208,97727360,75000,549632,926208,97727360,75000,0.0005000000237487257,0.3937605321407318,0.0005000000237487257,0.3788081109523773
66.22099590559377,56.88014131581224,60.55901745378549,100.0,912,92416,False,2291200,22912,25,27f3fdea70d44169b3b70d18de8f3b17,2019-10-14_15-12-12,1571065932,30.58946466445923,764.2215180397034,31024,RL-K80,10.0.0.4,764.2215180397034,2291200,25,4,c28d2d2e,30.741182841292094,29.817834612493403,1.1954488293779926,3.3539922662040054,2.175643122860179,0.010000000000000009,0.010000000000000009,76,3827968,2291200,20335.249,13556.833,4474,271,21394,0.16,0.36660605559646714,"[0.0, 0.0, 0.0, 1.0, 1.0]",43.784,99.64,56.357,571904,965376,97727360,75000,571904,965376,97727360,75000,0.0005000000237487257,0.353229820728302,0.0005000000237487257,0.3433734178543091
67.1023564462855,58.07037617672885,62.11345927003431,100.0,912,90624,False,2381824,23824,26,27f3fdea70d44169b3b70d18de8f3b17,2019-10-14_15-12-43,1571065963,30.5011785030365,794.7226965427399,31024,RL-K80,10.0.0.4,794.7226965427399,2381824,26,4,c28d2d2e,31.118488070534216,30.994971199500085,1.1958979727176573,3.35591963928211,2.175954359221672,0.010000000000000009,0.010000000000000009,79,3986432,2381824,0.0,30202.009,4651,271,22013,0.1,0.3,"[0.0, 0.0, 0.0, 0.10000000000000142, 1.0]",36.04,111.051,56.084,590592,1006336,97727360,75000,590592,1006336,97727360,75000,0.0005000000237487257,0.3250105381011963,0.0005000000237487257,0.34620195627212524
67.11760260916786,61.11132086451096,63.85866110934526,100.0,928,92928,False,2474752,24752,27,27f3fdea70d44169b3b70d18de8f3b17,2019-10-14_15-13-13,1571065993,30.65054988861084,825.3732464313507,31024,RL-K80,10.0.0.4,825.3732464313507,2474752,27,4,c28d2d2e,31.579882730098532,32.27877837924673,1.1964164043223697,3.3559462762482286,2.174125342211899,0.010000000000000009,0.010000000000000009,82,4139776,2474752,10318.884,10318.884,4833,271,22612,0.1,0.3,"[0.0, 0.0, 0.0, 0.10000000000000142, 1.0]",28.021,100.078,47.044,616960,1041664,97727360,75000,616960,1041664,97727360,75000,0.0005000000237487257,0.3067677319049835,0.0005000000237487257,0.3033751845359802
67.09374268357459,60.8040056314713,63.76198147522467,100.0,936,92928,False,2567680,25688,28,27f3fdea70d44169b3b70d18de8f3b17,2019-10-14_15-13-44,1571066024,30.505771160125732,855.8790175914764,31024,RL-K80,10.0.0.4,855.8790175914764,2567680,28,4,c28d2d2e,31.649716017353004,32.112265457871665,1.1956478649106426,3.3557789767683808,2.1702285293862857,0.010000000000000009,0.010000000000000009,85,4291584,2567680,0.0,8975.298,5015,271,23206,0.12,0.3249615361854384,"[0.0, 0.0, 0.0, 1.0, 1.0]",26.439,97.121,49.181,640000,1081344,97727360,75000,640000,1081344,97727360,75000,0.0005000000237487257,0.30462297797203064,0.0005000000237487257,0.2966940701007843
66.67315924022931,59.935963514292894,64.12382790252879,100.0,904,90368,False,2658048,26592,29,27f3fdea70d44169b3b70d18de8f3b17,2019-10-14_15-14-15,1571066055,30.615947484970093,886.4949650764465,31024,RL-K80,10.0.0.4,886.4949650764465,2658048,29,4,c28d2d2e,31.636683883916707,32.487144018612085,1.1983877934531713,3.358924637527067,2.1716266252230993,0.010000000000000009,0.010000000000000009,88,4447744,2658048,0.0,22749.249,5190,271,23815,0.22,0.46,"[0.0, 0.0, 0.0, 1.0, 2.0]",36.846,92.557,48.227,664576,1118976,97727360,75000,664576,1118976,97727360,75000,0.0005000000237487257,0.28993695974349976,0.0005000000237487257,0.29468631744384766
67.38867397703648,58.568812072711474,64.72990433479025,100.0,912,92672,False,2750720,27504,30,27f3fdea70d44169b3b70d18de8f3b17,2019-10-14_15-14-45,1571066085,30.616211891174316,917.1111769676208,31024,RL-K80,10.0.0.4,917.1111769676208,2750720,30,4,c28d2d2e,31.817252751136124,32.91265158365412,1.1974580030042647,3.357009110760749,2.1711835300102047,0.010000000000000009,0.010000000000000009,91,4602880,2750720,13590.034,0.0,5372,271,24423,0.16,0.36660605559646714,"[0.0, 0.0, 0.0, 1.0, 1.0]",26.766,97.632,58.177,688896,1156352,97727360,75000,688896,1156352,97727360,75000,0.0005000000237487257,0.2905943989753723,0.0005000000237487257,0.2786076068878174
67.15819691080739,60.9220061613021,64.36398260665935,100.0,920,91648,False,2842368,28424,31,27f3fdea70d44169b3b70d18de8f3b17,2019-10-14_15-15-16,1571066116,30.58772110939026,947.6988980770111,31024,RL-K80,10.0.0.4,947.6988980770111,2842368,31,4,c28d2d2e,31.717628119456784,32.64635448720258,1.1996471109901163,3.3586296417782395,2.170949386739163,0.010000000000000009,0.010000000000000009,94,4758784,2842368,0.0,0.0,5551,271,25030,0.2,0.4472135954999579,"[0.0, 0.0, 0.0, 1.0, 2.0]",31.619,96.333,44.971,713472,1194240,97727360,75000,713472,1194240,97727360,75000,0.0005000000237487257,0.3133791387081146,0.0005000000237487257,0.2795017957687378
67.48263900552324,59.06715038781031,64.80058329742991,100.0,944,93184,False,2935552,29368,32,27f3fdea70d44169b3b70d18de8f3b17,2019-10-14_15-15-46,1571066146,30.586379766464233,978.2852778434753,31024,RL-K80,10.0.0.4,978.2852778434753,2935552,32,4,c28d2d2e,31.929323436861083,32.87125986056882,1.1979001520250538,3.3562080133600496,2.1704370237574038,0.010000000000000009,0.010000000000000009,97,4913920,2935552,0.0,0.0,5732,271,25636,0.12,0.32496153618543844,"[0.0, 0.0, 0.0, 1.0, 1.0]",33.957,103.819,49.469,737792,1232128,97727360,75000,737792,1232128,97727360,75000,0.0005000000237487257,0.2851737141609192,0.0005000000237487257,0.27993515133857727
67.50235290920621,58.925795076512955,64.54295410690546,100.0,896,90368,False,3025920,30264,33,27f3fdea70d44169b3b70d18de8f3b17,2019-10-14_15-16-17,1571066177,30.568198919296265,1008.8534767627716,31024,RL-K80,10.0.0.4,1008.8534767627716,3025920,33,4,c28d2d2e,32.730593897756215,31.812360209149244,1.199392701394565,3.3578370900912944,2.171255713324451,0.010000000000000009,0.010000000000000009,101,5073408,3025920,0.0,0.0,5909,271,26259,0.14,0.34698703145794946,"[0.0, 0.0, 0.0, 1.0, 1.0]",40.396,101.886,59.316,760320,1270784,97727360,75000,760320,1270784,97727360,75000,0.0005000000237487257,0.3003990054130554,0.0005000000237487257,0.26241591572761536
67.49298181075798,60.274969801912974,65.35127559638538,100.0,912,91648,False,3117568,31176,34,27f3fdea70d44169b3b70d18de8f3b17,2019-10-14_15-16-48,1571066208,30.575769662857056,1039.4292464256287,31024,RL-K80,10.0.0.4,1039.4292464256287,3117568,34,4,c28d2d2e,32.8666325875002,32.48464300888518,1.198512883725476,3.3571601554750363,2.1715202867197143,0.010000000000000009,0.010000000000000009,104,5230336,3117568,22019.15,0.0,6088,271,26873,0.14,0.3469870314579494,"[0.0, 0.0, 0.0, 1.0, 1.0]",34.352,102.401,46.672,782848,1309696,97727360,75000,782848,1309696,97727360,75000,0.0005000000237487257,0.275534451007843,0.0005000000237487257,0.2804204821586609
67.4793295220488,58.47063264218861,64.57446455288589,100.0,952,94464,False,3212032,32128,35,27f3fdea70d44169b3b70d18de8f3b17,2019-10-14_15-17-18,1571066238,30.58299446105957,1070.0122408866882,31024,RL-K80,10.0.0.4,1070.0122408866882,3212032,35,4,c28d2d2e,33.04880349158957,31.52566106129632,1.1975938510696302,3.355798289164397,2.169902363826999,0.010000000000000009,0.010000000000000009,107,5381120,3212032,0.0,0.0,6272,271,27461,0.06,0.23748684174075835,"[0.0, 0.0, 0.0, 0.0, 1.0]",28.166,85.949,48.138,807424,1347840,97727360,75000,807424,1347840,97727360,75000,0.0005000000237487257,0.27206018567085266,0.0005000000237487257,0.29060831665992737
67.4840485026732,59.17667463836047,63.85821694458642,100.0,928,92928,False,3304960,33056,36,27f3fdea70d44169b3b70d18de8f3b17,2019-10-14_15-17-49,1571066269,30.53298330307007,1100.5452241897583,31024,RL-K80,10.0.0.4,1100.5452241897583,3304960,36,4,c28d2d2e,32.23052085485121,31.627696089735224,1.1984350930601075,3.355752085309832,2.1682043567952043,0.010000000000000009,0.010000000000000009,110,5534976,3304960,6337.602,12675.203,6455,271,28063,0.22,0.46,"[0.0, 0.0, 0.0, 1.0, 2.0]",35.53,91.502,57.388,830208,1384448,97727360,75000,830208,1384448,97727360,75000,0.0005000000237487257,0.2659231126308441,0.0005000000237487257,0.28590425848960876
67.48836074584223,58.60412703648807,64.09333049538509,100.0,936,93952,False,3398912,33992,37,27f3fdea70d44169b3b70d18de8f3b17,2019-10-14_15-18-20,1571066300,30.640137195587158,1131.1853613853455,31024,RL-K80,10.0.0.4,1131.1853613853455,3398912,37,4,c28d2d2e,32.64959332080456,31.443737174580537,1.1985360711264377,3.3534653294906747,2.16651712008164,0.010000000000000009,0.010000000000000009,113,5690880,3398912,7083.244,0.0,6637,271,28672,0.3,0.5385164807134504,"[0.0, 0.0, 0.0, 1.0, 2.0]",43.708,103.938,57.55,853248,1424896,97727360,75000,853248,1424896,97727360,75000,0.0005000000237487257,0.2659379839897156,0.0005000000237487257,0.29244598746299744
67.52226632452654,62.41982822096904,65.37514451165907,100.0,928,92672,False,3491584,34920,38,27f3fdea70d44169b3b70d18de8f3b17,2019-10-14_15-18-50,1571066330,30.675100803375244,1161.8604621887207,31024,RL-K80,10.0.0.4,1161.8604621887207,3491584,38,4,c28d2d2e,33.359417924649414,32.01572658700967,1.1980552824084258,3.3527354312805975,2.165526253357355,0.010000000000000009,0.010000000000000009,116,5845504,3491584,0.0,19362.399,6818,271,29275,0.32,0.5455272678794342,"[0.0, 0.0, 0.0, 1.0, 2.0]",33.419,116.641,56.578,873984,1463552,97727360,75000,873984,1463552,97727360,75000,0.0005000000237487257,0.2720976173877716,0.0005000000237487257,0.2865373492240906
67.2485028906766,62.89195558395633,65.5258626181854,100.0,952,94976,False,3586560,35872,39,27f3fdea70d44169b3b70d18de8f3b17,2019-10-14_15-19-21,1571066361,30.554654598236084,1192.4151167869568,31024,RL-K80,10.0.0.4,1192.4151167869568,3586560,39,4,c28d2d2e,33.651949525748144,31.87391309243726,1.1989500184822683,3.3526169776173473,2.1641341752894383,0.010000000000000009,0.010000000000000009,119,5998080,3586560,0.0,0.0,7004,271,29872,0.16,0.36660605559646714,"[0.0, 0.0, 0.0, 1.0, 1.0]",33.58,97.178,53.085,897792,1503232,97727360,75000,897792,1503232,97727360,75000,0.0005000000237487257,0.28134849667549133,0.0005000000237487257,0.27569565176963806
67.30250174628955,62.20590580316271,65.42022570330025,100.0,936,93696,False,3680256,36808,40,27f3fdea70d44169b3b70d18de8f3b17,2019-10-14_15-19-51,1571066391,30.528462648391724,1222.9435794353485,31024,RL-K80,10.0.0.4,1222.9435794353485,3680256,40,4,c28d2d2e,33.67981397282854,31.740411730471724,1.197433771698391,3.351140592272938,2.1631847693502966,0.010000000000000009,0.010000000000000009,122,6153216,3680256,0.0,0.0,7186,271,30477,0.1,0.3,"[0.0, 0.0, 0.0, 0.10000000000000142, 1.0]",40.234,78.34,50.927,924160,1540352,97727360,75000,924160,1540352,97727360,75000,0.0005000000237487257,0.23945875465869904,0.0005000000237487257,0.28782913088798523
66.5082342406906,62.346816977255365,65.01007451735387,100.0,952,95232,False,3775488,37760,41,27f3fdea70d44169b3b70d18de8f3b17,2019-10-14_15-20-22,1571066422,30.509742498397827,1253.4533219337463,31024,RL-K80,10.0.0.4,1253.4533219337463,3775488,41,4,c28d2d2e,33.76320629262983,31.246868224724047,1.197038212212398,3.348952107858857,2.160265230712713,0.010000000000000009,0.010000000000000009,125,6304768,3775488,0.0,0.0,7373,271,31069,0.12,0.3249615361854384,"[0.0, 0.0, 0.0, 1.0, 1.0]",40.94,112.806,61.175,946432,1578496,97727360,75000,946432,1578496,97727360,75000,0.0005000000237487257,0.2728731334209442,0.0005000000237487257,0.27249881625175476
66.91449379963011,63.24284546156033,65.50990179321575,100.0,912,91136,False,3866624,38672,42,27f3fdea70d44169b3b70d18de8f3b17,2019-10-14_15-20-53,1571066453,30.556734323501587,1284.010056257248,31024,RL-K80,10.0.0.4,1284.010056257248,3866624,42,4,c28d2d2e,34.032480172129155,31.477421621086602,1.1973597720224018,3.3505327358493546,2.16104609152774,0.010000000000000009,0.010000000000000009,128,6457344,3866624,0.0,0.0,7551,271,31665,0.04,0.19595917942265428,"[0.0, 0.0, 0.0, 0.0, 1.0]",29.721,118.478,57.263,970496,1614336,97727360,75000,970496,1614336,97727360,75000,0.0005000000237487257,0.24264240264892578,0.0005000000237487257,0.286961168050766
67.01678806448683,60.96873639616133,64.13473596735405,100.0,944,94208,False,3960832,39616,43,27f3fdea70d44169b3b70d18de8f3b17,2019-10-14_15-21-23,1571066483,30.60675859451294,1314.6168148517609,31024,RL-K80,10.0.0.4,1314.6168148517609,3960832,43,4,c28d2d2e,33.0806515503622,31.05408441699184,1.198284895337432,3.34910299275325,2.1597526408392285,0.010000000000000009,0.010000000000000009,131,6610944,3960832,0.0,0.0,7735,271,32265,0.2,0.4,"[0.0, 0.0, 0.0, 1.0, 1.0]",36.251,113.023,58.481,995840,1651200,97727360,75000,995840,1651200,97727360,75000,0.0005000000237487257,0.2576313018798828,0.0005000000237487257,0.2979934811592102
66.64612529784138,59.70622853371696,63.255771686283545,100.0,912,91904,False,4052736,40528,44,27f3fdea70d44169b3b70d18de8f3b17,2019-10-14_15-21-54,1571066514,30.598849773406982,1345.2156646251678,31024,RL-K80,10.0.0.4,1345.2156646251678,4052736,44,4,c28d2d2e,33.518386061298784,29.73738562498475,1.1980624434463332,3.349115403691389,2.1591001576408497,0.010000000000000009,0.010000000000000009,134,6767360,4052736,14658.792,0.0,7915,271,32876,0.08,0.2712931993250107,"[0.0, 0.0, 0.0, 0.0, 1.0]",35.856,82.816,42.049,1017600,1687296,97727360,75000,1017600,1687296,97727360,75000,0.0005000000237487257,0.23949049413204193,0.0005000000237487257,0.29893964529037476
66.88043937992248,58.72122880192791,63.60365910934827,100.0,944,93696,False,4146432,41472,45,27f3fdea70d44169b3b70d18de8f3b17,2019-10-14_15-22-24,1571066544,30.416714906692505,1375.6323795318604,31024,RL-K80,10.0.0.4,1375.6323795318604,4146432,45,4,c28d2d2e,33.88069070402353,29.72296840532475,1.1992192870331173,3.3486464447395647,2.157888180762196,0.010000000000000009,0.010000000000000009,137,6921216,4146432,0.0,15961.911,8097,271,33477,0.16,0.36660605559646714,"[0.0, 0.0, 0.0, 1.0, 1.0]",31.66,91.013,46.636,1040128,1724416,97727360,75000,1040128,1724416,97727360,75000,0.0005000000237487257,0.2576587498188019,0.0005000000237487257,0.2933313250541687
67.19726846736341,60.356153035331744,64.32457028069044,100.0,944,94976,False,4241408,42416,46,27f3fdea70d44169b3b70d18de8f3b17,2019-10-14_15-22-55,1571066575,30.68205976486206,1406.3144392967224,31024,RL-K80,10.0.0.4,1406.3144392967224,4241408,46,4,c28d2d2e,34.52749883764614,29.797071443044317,1.1982613933202761,3.3461193035372085,2.1579140156712096,0.010000000000000009,0.010000000000000009,140,7072512,4241408,0.0,27959.842,8283,271,34069,0.14,0.40049968789001567,"[0.0, 0.0, 0.0, 1.0, 2.0]",33.531,116.616,66.236,1067776,1762048,97727360,75000,1067776,1762048,97727360,75000,0.0005000000237487257,0.25479215383529663,0.0005000000237487257,0.3076130151748657
67.30878555378992,60.01087880930854,63.09460737342361,100.0,960,94464,False,4335872,43376,47,27f3fdea70d44169b3b70d18de8f3b17,2019-10-14_15-23-26,1571066606,30.596626043319702,1436.9110653400421,31024,RL-K80,10.0.0.4,1436.9110653400421,4335872,47,4,c28d2d2e,34.3453763792107,28.749230994212912,1.1992824508156732,3.3464274448994464,2.156737700416725,0.010000000000000009,0.010000000000000009,143,7223552,4335872,6456.966,6456.966,8468,271,34659,0.22,0.4142463035441596,"[0.0, 0.0, 0.0, 1.0, 1.0]",28.654,99.151,41.999,1092864,1801984,97727360,75000,1092864,1801984,97727360,75000,0.0005000000237487257,0.2441602498292923,0.0005000000237487257,0.3092527687549591
67.21778989690661,61.8456383303225,65.02646271135283,100.0,920,93952,False,4429824,44296,48,27f3fdea70d44169b3b70d18de8f3b17,2019-10-14_15-23-56,1571066636,30.58983540534973,1467.5009007453918,31024,RL-K80,10.0.0.4,1467.5009007453918,4429824,48,4,c28d2d2e,35.38430663391751,29.642156077435327,1.197771248398086,3.3446668932109382,2.1554053225434577,0.010000000000000009,0.010000000000000009,147,7377664,4429824,18417.527,18417.527,8650,271,35260,0.06,0.23748684174075835,"[0.0, 0.0, 0.0, 0.0, 1.0]",33.372,96.731,57.922,1117696,1839360,97727360,75000,1117696,1839360,97727360,75000,0.0005000000237487257,0.22639888525009155,0.0005000000237487257,0.31981682777404785
67.22857832642141,62.60553614162966,65.20931929638469,100.0,944,93184,False,4523008,45240,49,27f3fdea70d44169b3b70d18de8f3b17,2019-10-14_15-24-27,1571066667,30.612724542617798,1498.1136252880096,31024,RL-K80,10.0.0.4,1498.1136252880096,4523008,49,4,c28d2d2e,35.85112800457984,29.358191291804854,1.1981202990416835,3.3459123690628134,2.1563725378496597,0.010000000000000009,0.010000000000000009,150,7533824,4523008,0.0,0.0,8833,271,35870,0.3,0.4999999999999999,"[0.0, 0.0, 0.0, 1.0, 2.0]",31.081,103.527,52.665,1141248,1878016,97727360,75000,1141248,1878016,97727360,75000,0.0005000000237487257,0.22200489044189453,0.0005000000237487257,0.3327314853668213
66.63817084000888,61.19038026569371,64.10641777292554,100.0,920,92672,False,4615680,46160,50,27f3fdea70d44169b3b70d18de8f3b17,2019-10-14_15-24-57,1571066697,30.60841679573059,1528.7220420837402,31024,RL-K80,10.0.0.4,1528.7220420837402,4615680,50,4,c28d2d2e,34.64251854043349,29.46389923249205,1.196843338114128,3.343251229182114,2.1566287059345743,0.010000000000000009,0.010000000000000009,153,7689472,4615680,0.0,0.0,9014,271,36478,0.12,0.3249615361854384,"[0.0, 0.0, 0.0, 1.0, 1.0]",34.955,99.202,51.772,1167360,1914880,97727360,75000,1167360,1914880,97727360,75000,0.0005000000237487257,0.2424410879611969,0.0005000000237487257,0.33979475498199463
66.6967920625238,55.378307821552646,62.42616601879152,100.0,920,91136,False,4706816,47080,51,27f3fdea70d44169b3b70d18de8f3b17,2019-10-14_15-25-28,1571066728,30.597419023513794,1559.319461107254,31024,RL-K80,10.0.0.4,1559.319461107254,4706816,51,4,c28d2d2e,33.464493603688226,28.96167241510329,1.1969456325018515,3.3431352948161575,2.1578928581702415,0.010000000000000009,0.010000000000000009,156,7846912,4706816,0.0,0.0,9192,271,37094,0.12,0.3249615361854384,"[0.0, 0.0, 0.0, 1.0, 1.0]",43.008,108.928,73.22,1188864,1952512,97727360,75000,1188864,1952512,97727360,75000,0.0005000000237487257,0.2369903326034546,0.0005000000237487257,0.34445905685424805
66.53366142865687,61.0242103902307,64.02047976834305,100.0,928,93440,False,4800256,48008,52,27f3fdea70d44169b3b70d18de8f3b17,2019-10-14_15-25-59,1571066759,30.54554319381714,1589.8650043010712,31024,RL-K80,10.0.0.4,1589.8650043010712,4800256,52,4,c28d2d2e,34.30772673472819,29.712753033614852,1.197683411111267,3.34396814718952,2.157285576894402,0.010000000000000009,0.010000000000000009,159,8003584,4800256,0.0,29767.866,9374,271,37705,0.16,0.417612260356422,"[0.0, 0.0, 0.0, 1.0, 2.0]",33.62,93.448,47.608,1212160,1990400,97727360,75000,1212160,1990400,97727360,75000,0.0005000000237487257,0.22764502465724945,0.0005000000237487257,0.3630908727645874
67.33449984546544,63.209620371097685,65.41213411155285,100.0,944,94720,False,4894976,48952,53,27f3fdea70d44169b3b70d18de8f3b17,2019-10-14_15-26-29,1571066789,30.679752349853516,1620.5447566509247,31024,RL-K80,10.0.0.4,1620.5447566509247,4894976,53,4,c28d2d2e,35.2983031144676,30.113830997085252,1.1961157743501802,3.341773399793506,2.156219858379425,0.010000000000000009,0.010000000000000009,162,8156416,4894976,0.0,0.0,9559,271,38302,0.1,0.3,"[0.0, 0.0, 0.0, 0.10000000000000142, 1.0]",36.989,98.342,60.655,1233664,2028032,97727360,75000,1233664,2028032,97727360,75000,0.0005000000237487257,0.2388988882303238,0.0005000000237487257,0.3492754101753235
67.32470920335993,63.53107063330389,65.79409845406244,100.0,952,94464,False,4989440,49904,54,27f3fdea70d44169b3b70d18de8f3b17,2019-10-14_15-27-00,1571066820,30.64802622795105,1651.1927828788757,31024,RL-K80,10.0.0.4,1651.1927828788757,4989440,54,4,c28d2d2e,36.20775430436125,29.586344149701187,1.1942620787459584,3.339385355171005,2.1558548922030027,0.010000000000000009,0.010000000000000009,165,8313600,4989440,0.0,0.0,9744,271,38916,0.18,0.4770744176750626,"[0.0, 0.0, 0.0, 1.0, 2.0]",41.28,115.746,59.359,1256448,2062848,97727360,75000,1256448,2062848,97727360,75000,0.0005000000237487257,0.2331077605485916,0.0005000000237487257,0.3553844094276428
67.30719786182102,59.42577059624097,64.53344915269479,100.0,928,93440,False,5082880,50832,55,27f3fdea70d44169b3b70d18de8f3b17,2019-10-14_15-27-31,1571066851,30.53630518913269,1681.7290880680084,31024,RL-K80,10.0.0.4,1681.7290880680084,5082880,55,4,c28d2d2e,33.823312124931846,30.710137027762947,1.1951482295731095,3.3399233487547053,2.1560664441573483,0.010000000000000009,0.010000000000000009,168,8470528,5082880,0.0,19135.349,9926,271,39530,0.1,0.3,"[0.0, 0.0, 0.0, 0.10000000000000142, 1.0]",40.723,117.267,57.656,1282816,2097408,97727360,75000,1282816,2097408,97727360,75000,0.0005000000237487257,0.2210683971643448,0.0005000000237487257,0.3479882776737213
65.82006785482304,58.793797350051754,61.670205721261254,100.0,984,97536,False,5180416,51816,56,27f3fdea70d44169b3b70d18de8f3b17,2019-10-14_15-28-01,1571066881,30.53205919265747,1712.261147260666,31024,RL-K80,10.0.0.4,1712.261147260666,5180416,56,4,c28d2d2e,30.749094164570344,30.92111155669092,1.193987252027434,3.3365255439296457,2.1537436859155954,0.010000000000000009,0.010000000000000009,171,8617472,5180416,0.0,0.0,10116,271,40103,0.14,0.34698703145794946,"[0.0, 0.0, 0.0, 1.0, 1.0]",33.142,93.953,46.411,1307904,2131200,97727360,75000,1307904,2131200,97727360,75000,0.0005000000237487257,0.23992037773132324,0.0005000000237487257,0.3152701258659363
66.78352970268192,59.673507369623884,62.551300430716104,100.0,928,93696,False,5274112,52744,57,27f3fdea70d44169b3b70d18de8f3b17,2019-10-14_15-28-32,1571066912,30.664348363876343,1742.9254956245422,31024,RL-K80,10.0.0.4,1742.9254956245422,5274112,57,4,c28d2d2e,31.393020986037808,31.1582794446783,1.1960015435196758,3.3375373818455225,2.1528125779534197,0.010000000000000009,0.010000000000000009,174,8772352,5274112,4261.641,4261.641,10301,271,40708,0.06,0.23748684174075835,"[0.0, 0.0, 0.0, 0.0, 1.0]",27.484,103.904,47.031,1333504,2167296,97727360,75000,1333504,2167296,97727360,75000,0.0005000000237487257,0.2743701934814453,0.0005000000237487257,0.3241030275821686
67.37562195726257,60.19158501528487,63.95485374694008,100.0,952,95232,False,5369344,53696,58,27f3fdea70d44169b3b70d18de8f3b17,2019-10-14_15-29-02,1571066942,30.437966108322144,1773.3634617328644,31024,RL-K80,10.0.0.4,1773.3634617328644,5369344,58,4,c28d2d2e,31.676098171689137,32.27875557525095,1.1955213202240438,3.3356177049403484,2.1512366905141906,0.010000000000000009,0.010000000000000009,177,8925952,5369344,0.0,0.0,10486,271,41308,0.2,0.4472135954999579,"[0.0, 0.0, 0.0, 1.0, 2.0]",34.778,92.188,47.551,1355264,2205184,97727360,75000,1355264,2205184,97727360,75000,0.0005000000237487257,0.27902063727378845,0.0005000000237487257,0.32066109776496887
65.74341821415459,59.51966204254479,63.778760435464534,100.0,968,97024,False,5466368,54664,59,27f3fdea70d44169b3b70d18de8f3b17,2019-10-14_15-29-33,1571066973,30.525715589523315,1803.8891773223877,31024,RL-K80,10.0.0.4,1803.8891773223877,5466368,59,4,c28d2d2e,32.26283297741823,31.51592745804631,1.1948124686180441,3.333454645909681,2.1495109603045326,0.010000000000000009,0.010000000000000009,180,9077248,5466368,5443.172,8164.758,10676,271,41900,0.14,0.3469870314579494,"[0.0, 0.0, 0.0, 1.0, 1.0]",32.807,100.765,56.232,1378816,2241536,97727360,75000,1378816,2241536,97727360,75000,0.0005000000237487257,0.2812580466270447,0.0005000000237487257,0.3173041045665741
65.77856242381947,58.836702340942445,63.26182086142512,100.0,960,95232,False,5561600,55624,60,27f3fdea70d44169b3b70d18de8f3b17,2019-10-14_15-30-04,1571067004,30.64132022857666,1834.5304975509644,31024,RL-K80,10.0.0.4,1834.5304975509644,5561600,60,4,c28d2d2e,32.60051459794464,30.661306263480476,1.1950102462465464,3.3332422356210376,2.149142429303526,0.010000000000000009,0.010000000000000009,183,9228800,5561600,0.0,0.0,10861,271,42492,0.26,0.482078831727758,"[0.0, 0.0, 0.0, 1.0, 2.0]",36.871,104.993,60.764,1401600,2277632,97727360,75000,1401600,2277632,97727360,75000,0.0005000000237487257,0.2977842390537262,0.0005000000237487257,0.3099682927131653
64.85276899250827,59.00273060567389,62.02233196578438,100.0,952,95744,False,5657344,56576,61,27f3fdea70d44169b3b70d18de8f3b17,2019-10-14_15-30-34,1571067034,30.596998929977417,1865.1274964809418,31024,RL-K80,10.0.0.4,1865.1274964809418,5657344,61,4,c28d2d2e,30.411862465439345,31.61046950034504,1.1950001881364636,3.332412207454581,2.1482408072938513,0.010000000000000009,0.010000000000000009,186,9381376,5657344,0.0,0.0,11049,271,43087,0.2,0.4898979485566356,"[0.0, 0.0, 0.0, 1.0, 2.0]",35.678,112.831,57.745,1424384,2315264,97727360,75000,1424384,2315264,97727360,75000,0.0005000000237487257,0.2715243697166443,0.0005000000237487257,0.2917797267436981
64.46051549200925,58.62403169075501,61.03931275203031,100.0,960,96256,False,5753600,57536,62,27f3fdea70d44169b3b70d18de8f3b17,2019-10-14_15-31-05,1571067065,30.558971405029297,1895.686467885971,31024,RL-K80,10.0.0.4,1895.686467885971,5753600,62,4,c28d2d2e,29.223881459986796,31.815431292043517,1.1939361837964144,3.3295702561715803,2.147687444024268,0.010000000000000009,0.010000000000000009,190,9533952,5753600,0.0,0.0,11237,271,43683,0.14,0.3469870314579494,"[0.0, 0.0, 0.0, 1.0, 1.0]",31.929,83.932,43.506,1449216,2351872,97727360,75000,1449216,2351872,97727360,75000,0.0005000000237487257,0.2962328791618347,0.0005000000237487257,0.29647475481033325
60.527334275970006,56.03716918545834,59.126246702836745,100.0,960,95488,False,5849088,58496,63,27f3fdea70d44169b3b70d18de8f3b17,2019-10-14_15-31-36,1571067096,30.673873901367188,1926.3603417873383,31024,RL-K80,10.0.0.4,1926.3603417873383,5849088,63,4,c28d2d2e,26.83756664324703,32.28868005958972,1.1942402338408808,3.328580564590476,2.146239460968486,0.010000000000000009,0.010000000000000009,192,9682688,5849088,0.0,0.0,11423,271,44265,0.16,0.417612260356422,"[0.0, 0.0, 0.0, 1.0, 2.0]",36.806,105.139,47.082,1474816,2387200,97727360,75000,1474816,2387200,97727360,75000,0.0005000000237487257,0.33431607484817505,0.0005000000237487257,0.2919386923313141
59.821669368547646,22.290236798549053,55.996463613465764,100.0,944,93696,False,5942784,59440,64,27f3fdea70d44169b3b70d18de8f3b17,2019-10-14_15-32-06,1571067126,30.479851484298706,1956.840193271637,31024,RL-K80,10.0.0.4,1956.840193271637,5942784,64,4,c28d2d2e,24.046207747289547,31.95025586617622,1.1950956716188945,3.3284436557769177,2.1461207712009336,0.010000000000000009,0.010000000000000009,196,9838336,5942784,0.0,0.0,11606,271,44872,0.22,0.46,"[0.0, 0.0, 0.0, 1.0, 2.0]",32.445,81.542,40.93,1494784,2427904,97727360,75000,1494784,2427904,97727360,75000,0.0005000000237487257,0.41534969210624695,0.0005000000237487257,0.28941160440444946
65.52334200532562,25.098973611052813,58.89309662056975,100.0,936,95232,False,6038016,60376,65,27f3fdea70d44169b3b70d18de8f3b17,2019-10-14_15-32-37,1571067157,30.547866582870483,1987.3880598545074,31024,RL-K80,10.0.0.4,1987.3880598545074,6038016,65,4,c28d2d2e,27.211831416861177,31.681265203708577,1.194156642607243,3.3264795106449663,2.1457955198592105,0.010000000000000009,0.010000000000000009,199,9989376,6038016,0.0,0.0,11792,271,45462,0.08,0.2712931993250107,"[0.0, 0.0, 0.0, 0.0, 1.0]",40.415,117.467,60.58,1520384,2464512,97727360,75000,1520384,2464512,97727360,75000,0.0005000000237487257,0.4597451090812683,0.0005000000237487257,0.2995472848415375
62.638616356388724,56.03800900427481,57.543321684400475,100.0,984,96512,False,6134528,61360,66,27f3fdea70d44169b3b70d18de8f3b17,2019-10-14_15-33-07,1571067187,30.609175443649292,2017.9972352981567,31024,RL-K80,10.0.0.4,2017.9972352981567,6134528,66,4,c28d2d2e,25.22749575662999,32.31582592777048,1.194120745156295,3.325151459331959,2.1445154862064824,0.010000000000000009,0.010000000000000009,202,10140160,6134528,8557.553,0.0,11981,271,46051,0.3,0.5385164807134504,"[0.0, 0.0, 0.0, 1.0, 2.0]",31.41,88.025,53.178,1544704,2499840,97727360,75000,1544704,2499840,97727360,75000,0.0005000000237487257,0.4821152687072754,0.0005000000237487257,0.2808520197868347
57.873557346291484,55.12297039344422,56.46549265500331,100.0,920,93696,False,6228224,62280,67,27f3fdea70d44169b3b70d18de8f3b17,2019-10-14_15-33-38,1571067218,30.609862804412842,2048.6070981025696,31024,RL-K80,10.0.0.4,2048.6070981025696,6228224,67,4,c28d2d2e,23.963139726178028,32.502352928825275,1.1954341037225336,3.325833531357788,2.1446032278102605,0.010000000000000009,0.010000000000000009,205,10296576,6228224,0.0,17199.408,12163,271,46662,0.16,0.41761226035642196,"[0.0, 0.0, 0.0, 1.0, 2.0]",36.338,94.0,57.863,1565952,2538240,97727360,75000,1565952,2538240,97727360,75000,0.0005000000237487257,0.5519494414329529,0.0005000000237487257,0.27824026346206665
63.363850330628004,54.401953663734645,57.283408230487616,100.0,976,97280,False,6325504,63256,68,27f3fdea70d44169b3b70d18de8f3b17,2019-10-14_15-34-09,1571067249,30.665443658828735,2079.2725417613983,31024,RL-K80,10.0.0.4,2079.2725417613983,6325504,68,4,c28d2d2e,25.23576534006365,32.047642890423965,1.1944377471121441,3.3230010546759434,2.142564207512802,0.010000000000000009,0.010000000000000009,208,10444032,6325504,0.0,0.0,12354,271,47238,0.6,1.1661903789690602,"[0.0, 0.0, 0.0, 2.0, 5.0]",37.683,107.43,56.065,1591040,2577408,97727360,75000,1591040,2577408,97727360,75000,0.0005000000237487257,0.544379711151123,0.0005000000237487257,0.2578962743282318
65.11496428940758,50.90454512292214,57.8366144700188,100.0,976,97536,False,6423040,64232,69,27f3fdea70d44169b3b70d18de8f3b17,2019-10-14_15-34-39,1571067279,30.61285161972046,2109.885393381119,31024,RL-K80,10.0.0.4,2109.885393381119,6423040,69,4,c28d2d2e,27.030494586328697,30.80611988369011,1.1940224697067086,3.3209804485285406,2.141448541542173,0.010000000000000009,0.010000000000000009,211,10594816,6423040,6830.593,0.0,12545,271,47828,0.12,0.3249615361854384,"[0.0, 0.0, 0.0, 1.0, 1.0]",35.753,115.177,58.166,1616640,2614016,97727360,75000,1616640,2614016,97727360,75000,0.0005000000237487257,0.5574195384979248,0.0005000000237487257,0.28311687707901
65.05597451834667,54.00738095643566,60.452599338346644,100.0,968,97024,False,6520064,65200,70,27f3fdea70d44169b3b70d18de8f3b17,2019-10-14_15-35-10,1571067310,30.57507061958313,2140.460464000702,31024,RL-K80,10.0.0.4,2140.460464000702,6520064,70,4,c28d2d2e,28.38043047040244,32.07216886794422,1.1941915799419465,3.3207899869012643,2.1398436853802885,0.010000000000000009,0.010000000000000009,214,10746368,6520064,0.0,0.0,12734,271,48419,0.16,0.36660605559646714,"[0.0, 0.0, 0.0, 1.0, 1.0]",32.605,89.669,47.912,1642496,2650624,97727360,75000,1642496,2650624,97727360,75000,0.0005000000237487257,0.5132690668106079,0.0005000000237487257,0.28425168991088867
65.83250756381096,56.10011166992466,59.22728754300592,100.0,992,98560,False,6618624,66192,71,27f3fdea70d44169b3b70d18de8f3b17,2019-10-14_15-35-41,1571067341,30.706809759140015,2171.167273759842,31024,RL-K80,10.0.0.4,2171.167273759842,6618624,71,4,c28d2d2e,28.073626476938518,31.153661066067404,1.1931020006267175,3.3191116398434892,2.1379948988669195,0.010000000000000009,0.010000000000000009,217,10895104,6618624,8583.96,8583.96,12926,271,49000,0.1,0.3,"[0.0, 0.0, 0.0, 0.10000000000000142, 1.0]",35.955,103.278,55.439,1666048,2686208,97727360,75000,1666048,2686208,97727360,75000,0.0005000000237487257,0.48310616612434387,0.0005000000237487257,0.29513511061668396
66.73911590453494,55.952062421693064,60.9193206524312,100.0,944,94720,False,6713344,67136,72,27f3fdea70d44169b3b70d18de8f3b17,2019-10-14_15-36-11,1571067371,30.545082569122314,2201.7123563289642,31024,RL-K80,10.0.0.4,2201.7123563289642,6713344,72,4,c28d2d2e,29.521041183112317,31.398279469318886,1.1933972159175266,3.3192859299711355,2.1371351255680704,0.010000000000000009,0.010000000000000009,220,11048192,6713344,0.0,0.0,13111,271,49598,0.06,0.23748684174075835,"[0.0, 0.0, 0.0, 0.0, 1.0]",39.755,102.1,47.862,1688832,2722304,97727360,75000,1688832,2722304,97727360,75000,0.0005000000237487257,0.4312874674797058,0.0005000000237487257,0.3153384327888489
64.31221539717457,52.526576136623056,56.82900429659731,100.0,960,96512,False,6809856,68096,73,27f3fdea70d44169b3b70d18de8f3b17,2019-10-14_15-36-42,1571067402,30.64976143836975,2232.362117767334,31024,RL-K80,10.0.0.4,2232.362117767334,6809856,73,4,c28d2d2e,26.588306820528036,30.240697476069275,1.1931057371244653,3.3174775774938277,2.1363614156518214,0.010000000000000009,0.010000000000000009,223,11198976,6809856,0.0,0.0,13299,271,50187,0.14,0.3469870314579494,"[0.0, 0.0, 0.0, 1.0, 1.0]",29.029,105.043,50.09,1716224,2757120,97727360,75000,1716224,2757120,97727360,75000,0.0005000000237487257,0.4372624158859253,0.0005000000237487257,0.3179628252983093
63.02350987143791,53.718399994965196,57.3142823116869,100.0,992,98048,False,6907904,69088,74,27f3fdea70d44169b3b70d18de8f3b17,2019-10-14_15-37-12,1571067432,30.478058338165283,2262.8401761054993,31024,RL-K80,10.0.0.4,2262.8401761054993,6907904,74,4,c28d2d2e,27.005869607539427,30.30841270414748,1.1934003917205884,3.317137996236187,2.135435313241918,0.010000000000000009,0.010000000000000009,226,11347456,6907904,0.0,0.0,13491,271,50767,0.16,0.417612260356422,"[0.0, 0.0, 0.0, 1.0, 2.0]",30.919,84.69,48.295,1740800,2794752,97727360,75000,1740800,2794752,97727360,75000,0.0005000000237487257,0.45336899161338806,0.0005000000237487257,0.311105340719223
63.60061176164843,53.318406361593055,57.351065060343885,100.0,952,95232,False,7003136,70040,75,27f3fdea70d44169b3b70d18de8f3b17,2019-10-14_15-37-43,1571067463,30.604467630386353,2293.4446437358856,31024,RL-K80,10.0.0.4,2293.4446437358856,7003136,75,4,c28d2d2e,27.033799977015736,30.317265083328145,1.1916431006301709,3.3148627189136555,2.1355353341307897,0.010000000000000009,0.010000000000000009,229,11499264,7003136,7654.276,15308.552,13676,271,51360,0.1,0.3,"[0.0, 0.0, 0.0, 0.10000000000000142, 1.0]",30.705,94.186,50.279,1766912,2831872,97727360,75000,1766912,2831872,97727360,75000,0.0005000000237487257,0.45229506492614746,0.0005000000237487257,0.3227037787437439
64.5813422288702,55.19074298455514,58.03984591181223,100.0,936,94208,False,7097344,70976,76,27f3fdea70d44169b3b70d18de8f3b17,2019-10-14_15-38-14,1571067494,30.53735876083374,2323.9820024967194,31024,RL-K80,10.0.0.4,2323.9820024967194,7097344,76,4,c28d2d2e,27.405595112541167,30.63425079927106,1.1912796604948286,3.314912005711684,2.1353295470239315,0.010000000000000009,0.010000000000000009,232,11654144,7097344,8891.646,4445.823,13861,271,51966,0.16,0.36660605559646714,"[0.0, 0.0, 0.0, 1.0, 1.0]",31.568,86.089,50.469,1788160,2871040,97727360,75000,1788160,2871040,97727360,75000,0.0005000000237487257,0.44435253739356995,0.0005000000237487257,0.32842016220092773
63.24600573474945,55.506810425517294,57.79888808387061,100.0,960,96000,False,7193344,71936,77,27f3fdea70d44169b3b70d18de8f3b17,2019-10-14_15-38-44,1571067524,30.55133628845215,2354.5333387851715,31024,RL-K80,10.0.0.4,2354.5333387851715,7193344,77,4,c28d2d2e,27.458042416491374,30.340845667379234,1.1912351173752331,3.314428087933028,2.1336630158066567,0.010000000000000009,0.010000000000000009,235,11802880,7193344,0.0,0.0,14048,271,52546,0.12,0.38157568056677826,"[0.0, 0.0, 0.0, 0.10000000000000142, 2.0]",39.317,97.895,53.908,1812224,2908416,97727360,75000,1812224,2908416,97727360,75000,0.0005000000237487257,0.4530201554298401,0.0005000000237487257,0.315606951713562
63.42286461610453,55.94756050933281,58.00142120516657,100.0,960,95744,False,7289088,72896,78,27f3fdea70d44169b3b70d18de8f3b17,2019-10-14_15-39-15,1571067555,30.618773698806763,2385.1521124839783,31024,RL-K80,10.0.0.4,2385.1521124839783,7289088,78,4,c28d2d2e,27.733023103589588,30.268398101576977,1.1900940780923235,3.3134869064684107,2.1331057624172156,0.010000000000000009,0.010000000000000009,238,11954432,7289088,20541.434,0.0,14235,271,53138,0.16,0.41761226035642196,"[0.0, 0.0, 0.0, 1.0, 2.0]",33.03,111.872,56.604,1835264,2948096,97727360,75000,1835264,2948096,97727360,75000,0.0005000000237487257,0.4316490888595581,0.0005000000237487257,0.3329623341560364
64.35977071811357,56.11795453425904,58.211306983855266,100.0,968,96512,False,7385600,73864,79,27f3fdea70d44169b3b70d18de8f3b17,2019-10-14_15-39-45,1571067585,30.627625942230225,2415.7797384262085,31024,RL-K80,10.0.0.4,2415.7797384262085,7385600,79,4,c28d2d2e,28.05640432290915,30.15490266094612,1.189789789278132,3.312700652757494,2.1334646409304803,0.010000000000000009,0.010000000000000009,241,12107264,7385600,0.0,0.0,14424,271,53735,0.22,0.5015974481593781,"[0.0, 0.0, 0.0, 1.0, 2.0]",31.88,100.403,50.751,1862400,2983424,97727360,75000,1862400,2983424,97727360,75000,0.0005000000237487257,0.4283226728439331,0.0005000000237487257,0.3317239284515381
64.06001690979343,56.098003874064915,58.22462469318734,100.0,968,97536,False,7483136,74832,80,27f3fdea70d44169b3b70d18de8f3b17,2019-10-14_15-40-16,1571067616,30.58628559112549,2446.366024017334,31024,RL-K80,10.0.0.4,2446.366024017334,7483136,80,4,c28d2d2e,28.17407260783062,30.050552085356706,1.1893098625986984,3.3115721853473645,2.1319454448249484,0.010000000000000009,0.010000000000000009,244,12260096,7483136,5489.253,5489.253,14615,271,54332,0.12,0.38157568056677826,"[0.0, 0.0, 0.0, 0.10000000000000142, 2.0]",39.602,97.389,48.419,1888768,3019776,97727360,75000,1888768,3019776,97727360,75000,0.0005000000237487257,0.4141002893447876,0.0005000000237487257,0.341499000787735
62.621519630834534,56.154714430900874,58.92491583343583,100.0,936,93952,False,7577088,75768,81,27f3fdea70d44169b3b70d18de8f3b17,2019-10-14_15-40-47,1571067647,30.647822380065918,2477.0138463974,31024,RL-K80,10.0.0.4,2477.0138463974,7577088,81,4,c28d2d2e,28.716038544528548,30.20887728890728,1.1887620754855877,3.311479510489808,2.1322149299426574,0.010000000000000009,0.010000000000000009,247,12415488,7577088,16970.521,0.0,14798,271,54939,0.12,0.32496153618543844,"[0.0, 0.0, 0.0, 1.0, 1.0]",29.358,104.369,50.82,1913600,3058176,97727360,75000,1913600,3058176,97727360,75000,0.0005000000237487257,0.3978644609451294,0.0005000000237487257,0.3309592008590698
63.53096279870751,56.04791418267045,59.847469205387746,100.0,984,97280,False,7674368,76752,82,27f3fdea70d44169b3b70d18de8f3b17,2019-10-14_15-41-17,1571067677,30.495469570159912,2507.50931596756,31024,RL-K80,10.0.0.4,2507.50931596756,7674368,82,4,c28d2d2e,29.092289135605306,30.755180069782437,1.1890326940784874,3.310979082387432,2.131143088630696,0.010000000000000009,0.010000000000000009,250,12566016,7674368,8391.755,0.0,14988,271,55527,0.06,0.23748684174075835,"[0.0, 0.0, 0.0, 0.0, 1.0]",36.808,103.223,54.079,1939968,3095296,97727360,75000,1939968,3095296,97727360,75000,0.0005000000237487257,0.36483892798423767,0.0005000000237487257,0.3238920569419861
63.96996026737382,58.14166750707727,61.03074700631519,100.0,960,96512,False,7770880,77712,83,27f3fdea70d44169b3b70d18de8f3b17,2019-10-14_15-41-48,1571067708,30.61464834213257,2538.1239643096924,31024,RL-K80,10.0.0.4,2538.1239643096924,7770880,83,4,c28d2d2e,29.791701337051606,31.239045669263586,1.1898799920213454,3.3113231698136993,2.1310586981423665,0.010000000000000009,0.010000000000000009,253,12717312,7770880,14137.204,7068.602,15176,271,56118,0.2,0.4472135954999579,"[0.0, 0.0, 0.0, 1.0, 2.0]",29.04,92.826,44.169,1968896,3130368,97727360,75000,1968896,3130368,97727360,75000,0.0005000000237487257,0.3380909860134125,0.0005000000237487257,0.313190758228302
63.85480123896308,58.477928265836596,61.27260308571214,100.0,984,97792,False,7868672,78696,84,27f3fdea70d44169b3b70d18de8f3b17,2019-10-14_15-42-19,1571067739,30.605855226516724,2568.729819536209,31024,RL-K80,10.0.0.4,2568.729819536209,7868672,84,4,c28d2d2e,30.120562199785073,31.152040885927065,1.1880643275807035,3.3087159307220095,2.130131703346775,0.010000000000000009,0.010000000000000009,256,12865280,7868672,0.0,0.0,15368,271,56696,0.12,0.32496153618543844,"[0.0, 0.0, 0.0, 1.0, 1.0]",38.068,84.202,40.876,1992192,3166720,97727360,75000,1992192,3166720,97727360,75000,0.0005000000237487257,0.34683915972709656,0.0005000000237487257,0.308427095413208
65.57718139182052,54.321369295976055,60.84303213165552,100.0,976,97536,False,7966208,79672,85,27f3fdea70d44169b3b70d18de8f3b17,2019-10-14_15-42-49,1571067769,30.59056544303894,2599.320384979248,31024,RL-K80,10.0.0.4,2599.320384979248,7966208,85,4,c28d2d2e,30.557005448606912,30.286026683048604,1.1869653396419741,3.306574697165795,2.1289660907862507,0.010000000000000009,0.010000000000000009,259,13015808,7966208,0.0,11519.723,15558,271,57284,0.1,0.3,"[0.0, 0.0, 0.0, 0.10000000000000142, 1.0]",42.957,107.669,54.051,2014720,3204096,97727360,75000,2014720,3204096,97727360,75000,0.0005000000237487257,0.31426334381103516,0.0005000000237487257,0.3095680773258209
64.93959393256843,54.82163017064365,60.39838931159056,100.0,976,97792,False,8064000,80648,86,27f3fdea70d44169b3b70d18de8f3b17,2019-10-14_15-43-20,1571067800,30.596545457839966,2629.916930437088,31024,RL-K80,10.0.0.4,2629.916930437088,8064000,86,4,c28d2d2e,30.567511456158655,29.830877855431908,1.1869890792193285,3.3062219160847275,2.128935052499875,0.010000000000000009,0.010000000000000009,262,13166336,8064000,18953.96,0.0,15749,271,57872,0.1,0.3,"[0.0, 0.0, 0.0, 0.10000000000000142, 1.0]",26.881,83.412,43.065,2041856,3238656,97727360,75000,2041856,3238656,97727360,75000,0.0005000000237487257,0.3025648593902588,0.0005000000237487257,0.3393130302429199
64.6899666419368,56.64884553852245,61.14049931108926,100.0,968,97024,False,8161024,81616,87,27f3fdea70d44169b3b70d18de8f3b17,2019-10-14_15-43-50,1571067830,30.631839513778687,2660.5487699508667,31024,RL-K80,10.0.0.4,2660.5487699508667,8161024,87,4,c28d2d2e,31.381853845075156,29.758645466014112,1.186289919656599,3.305084416586141,2.127420688440234,0.010000000000000009,0.010000000000000009,265,13318912,8161024,0.0,0.0,15938,271,58468,0.06,0.23748684174075835,"[0.0, 0.0, 0.0, 0.0, 1.0]",36.523,106.831,50.794,2066432,3276544,97727360,75000,2066432,3276544,97727360,75000,0.0005000000237487257,0.3208322525024414,0.0005000000237487257,0.32912737131118774
64.57993161945909,57.275546116277006,61.61459654663364,100.0,960,95744,False,8256768,82576,88,27f3fdea70d44169b3b70d18de8f3b17,2019-10-14_15-44-21,1571067861,30.549968957901,2691.0987389087677,31024,RL-K80,10.0.0.4,2691.0987389087677,8256768,88,4,c28d2d2e,31.91675881558325,29.6978377310504,1.1851523893469094,3.304218089382174,2.127272577422148,0.010000000000000009,0.010000000000000009,268,13472256,8256768,5126.263,0.0,16125,271,59068,0.14,0.34698703145794946,"[0.0, 0.0, 0.0, 1.0, 1.0]",33.138,101.508,47.034,2092032,3312896,97727360,75000,2092032,3312896,97727360,75000,0.0005000000237487257,0.29877912998199463,0.0005000000237487257,0.35566896200180054
64.30934651819042,59.21070878339474,61.56191687985734,100.0,976,97536,False,8354304,83552,89,27f3fdea70d44169b3b70d18de8f3b17,2019-10-14_15-44-52,1571067892,30.49632954597473,2721.5950684547424,31024,RL-K80,10.0.0.4,2721.5950684547424,8354304,89,4,c28d2d2e,32.08086886535126,29.481048014506086,1.1846189137378216,3.3028326636607415,2.1254534368988294,0.010000000000000009,0.010000000000000009,271,13620736,8354304,0.0,0.0,16316,271,59647,0.06,0.23748684174075835,"[0.0, 0.0, 0.0, 0.0, 1.0]",34.561,79.772,45.835,2115072,3348992,97727360,75000,2115072,3348992,97727360,75000,0.0005000000237487257,0.2916945219039917,0.0005000000237487257,0.3354441821575165
64.61730390112788,58.723719077858895,61.782810201991595,100.0,976,98304,False,8452608,84528,90,27f3fdea70d44169b3b70d18de8f3b17,2019-10-14_15-45-22,1571067922,30.5333034992218,2752.1283719539642,31024,RL-K80,10.0.0.4,2752.1283719539642,8452608,90,4,c28d2d2e,32.30360729036982,29.47920291162178,1.184240822869118,3.301852961207572,2.123957879735784,0.010000000000000009,0.010000000000000009,274,13771008,8452608,0.0,11827.044,16508,271,60234,0.16,0.36660605559646714,"[0.0, 0.0, 0.0, 1.0, 1.0]",36.799,112.81,51.351,2140160,3386368,97727360,75000,2140160,3386368,97727360,75000,0.0005000000237487257,0.2956925630569458,0.0005000000237487257,0.3367517590522766
65.62786544081973,58.85847321679688,62.420256855988036,100.0,960,95488,False,8548096,85488,91,27f3fdea70d44169b3b70d18de8f3b17,2019-10-14_15-45-53,1571067953,30.61901021003723,2782.7473821640015,31024,RL-K80,10.0.0.4,2782.7473821640015,8548096,91,4,c28d2d2e,33.03561302820356,29.38464382778447,1.1841227918022914,3.301386070940828,2.124080266357262,0.010000000000000009,0.010000000000000009,277,13925632,8548096,0.0,0.0,16695,271,60838,0.1,0.3,"[0.0, 0.0, 0.0, 0.10000000000000142, 1.0]",31.575,117.798,48.231,2163968,3422464,97727360,75000,2163968,3422464,97727360,75000,0.0005000000237487257,0.26398563385009766,0.0005000000237487257,0.3413987457752228
65.15560818822438,59.30675190041485,62.43366042532229,100.0,936,93952,False,8642048,86424,92,27f3fdea70d44169b3b70d18de8f3b17,2019-10-14_15-46-23,1571067983,30.519139528274536,2813.266521692276,31024,RL-K80,10.0.0.4,2813.266521692276,8642048,92,4,c28d2d2e,33.075583455054655,29.35807697026762,1.1834459808950961,3.300997938439578,2.123896902901268,0.010000000000000009,0.010000000000000009,280,14083072,8642048,0.0,21285.818,16878,271,61454,0.16,0.417612260356422,"[0.0, 0.0, 0.0, 1.0, 2.0]",33.567,85.106,47.679,2184448,3464448,97727360,75000,2184448,3464448,97727360,75000,0.0005000000237487257,0.25658056139945984,0.0005000000237487257,0.3506696820259094
66.1777457100993,60.65261015108048,62.74432887806149,100.0,976,98048,False,8740096,87400,93,27f3fdea70d44169b3b70d18de8f3b17,2019-10-14_15-46-54,1571068014,30.516290426254272,2843.7828121185303,31024,RL-K80,10.0.0.4,2843.7828121185303,8740096,93,4,c28d2d2e,33.153445819404425,29.59088305865707,1.1835319341954398,3.300393936096154,2.1222827690421275,0.010000000000000009,0.010000000000000009,283,14228480,8740096,0.0,13880.883,17070,271,62021,0.12,0.3249615361854384,"[0.0, 0.0, 0.0, 1.0, 1.0]",39.689,124.813,65.285,2207744,3498752,97727360,75000,2207744,3498752,97727360,75000,0.0005000000237487257,0.24742215871810913,0.0005000000237487257,0.370434433221817
66.69634345843411,60.542131121433286,62.74509042050086,100.0,968,96256,False,8836352,88368,94,27f3fdea70d44169b3b70d18de8f3b17,2019-10-14_15-47-24,1571068044,30.515108585357666,2874.297920703888,31024,RL-K80,10.0.0.4,2874.297920703888,8836352,94,4,c28d2d2e,33.047543148930416,29.697547271570443,1.1825507484946924,3.2994792538266218,2.1222675806366915,0.010000000000000009,0.010000000000000009,286,14377728,8836352,0.0,11546.232,17257,271,62604,0.14,0.3469870314579494,"[0.0, 0.0, 0.0, 1.0, 1.0]",39.722,93.756,50.012,2232832,3535872,97727360,75000,2232832,3535872,97727360,75000,0.0005000000237487257,0.259460985660553,0.0005000000237487257,0.35048797726631165
65.29060726905381,59.70245303488862,62.28795321086921,100.0,952,94720,False,8931072,89320,95,27f3fdea70d44169b3b70d18de8f3b17,2019-10-14_15-47-55,1571068075,30.453261613845825,2904.7511823177338,31024,RL-K80,10.0.0.4,2904.7511823177338,8931072,95,4,c28d2d2e,33.0840594998561,29.20389371101311,1.1818170891048037,3.2985560693921476,2.1217644685056753,0.010000000000000009,0.010000000000000009,289,14527488,8931072,0.0,0.0,17442,271,63189,0.14,0.3469870314579494,"[0.0, 0.0, 0.0, 1.0, 1.0]",28.292,80.294,42.582,2255616,3574272,97727360,75000,2255616,3574272,97727360,75000,0.0005000000237487257,0.27458643913269043,0.0005000000237487257,0.3419765830039978
66.61993775071768,60.04637320926997,62.4903831090261,100.0,936,94720,False,9025792,90256,96,27f3fdea70d44169b3b70d18de8f3b17,2019-10-14_15-48-26,1571068106,30.698562622070312,2935.449744939804,31024,RL-K80,10.0.0.4,2935.449744939804,9025792,96,4,c28d2d2e,33.32498209298479,29.165401016041326,1.1821900090620838,3.2988515947555173,2.1218823328716705,0.010000000000000009,0.010000000000000009,292,14677248,9025792,11780.417,0.0,17628,271,63776,0.14,0.3469870314579494,"[0.0, 0.0, 0.0, 1.0, 1.0]",28.868,119.057,55.457,2279424,3609600,97727360,75000,2279424,3609600,97727360,75000,0.0005000000237487257,0.25527605414390564,0.0005000000237487257,0.33462992310523987
65.23959379051207,59.944274246142236,62.72555203522544,100.0,992,98560,False,9124352,91248,97,27f3fdea70d44169b3b70d18de8f3b17,2019-10-14_15-48-56,1571068136,30.591166496276855,2966.040911436081,31024,RL-K80,10.0.0.4,2966.040911436081,9124352,97,4,c28d2d2e,33.65146257374954,29.074089461475907,1.1825926056416949,3.2987389739077853,2.121228072343504,0.010000000000000009,0.010000000000000009,295,14826240,9124352,0.0,0.0,17819,271,64356,0.16,0.417612260356422,"[0.0, 0.0, 0.0, 1.0, 2.0]",31.445,107.967,50.53,2303488,3646976,97727360,75000,2303488,3646976,97727360,75000,0.0005000000237487257,0.25949737429618835,0.0005000000237487257,0.3516906499862671
67.08242850320299,58.58371711571843,63.034648309839106,100.0,952,95232,False,9219584,92200,98,27f3fdea70d44169b3b70d18de8f3b17,2019-10-14_15-49-27,1571068167,30.66001534461975,2996.7009267807007,31024,RL-K80,10.0.0.4,2996.7009267807007,9219584,98,4,c28d2d2e,34.28133081567851,28.75331749416059,1.1822159327001929,3.298395548824164,2.1209942368538095,0.010000000000000009,0.010000000000000009,298,14978304,9219584,8433.874,0.0,18007,271,64950,0.12,0.3249615361854384,"[0.0, 0.0, 0.0, 1.0, 1.0]",39.991,117.331,61.705,2329088,3681792,97727360,75000,2329088,3681792,97727360,75000,0.0005000000237487257,0.24109037220478058,0.0005000000237487257,0.35702434182167053
66.18999266315194,58.237466165359095,62.484050030675746,100.0,968,97280,False,9316864,93168,99,27f3fdea70d44169b3b70d18de8f3b17,2019-10-14_15-49-58,1571068198,30.6355619430542,3027.336488723755,31024,RL-K80,10.0.0.4,3027.336488723755,9316864,99,4,c28d2d2e,34.23482696912025,28.249223061555508,1.1827703021880944,3.298488205109236,2.1205504325424456,0.010000000000000009,0.010000000000000009,301,15130624,9316864,0.0,0.0,18196,271,65546,0.1,0.3,"[0.0, 0.0, 0.0, 0.10000000000000142, 1.0]",32.097,94.674,50.838,2352384,3719424,97727360,75000,2352384,3719424,97727360,75000,0.0005000000237487257,0.24164041876792908,0.0005000000237487257,0.35746458172798157
66.8855482563311,57.47820210480896,62.09155233311001,100.0,976,97536,False,9414400,94144,100,27f3fdea70d44169b3b70d18de8f3b17,2019-10-14_15-50-28,1571068228,30.562843561172485,3057.8993322849274,31024,RL-K80,10.0.0.4,3057.8993322849274,9414400,100,4,c28d2d2e,34.015625692305605,28.075926640804408,1.1813711586768407,3.296169417808369,2.118923846575512,0.010000000000000009,0.010000000000000009,304,15281408,9414400,0.0,0.0,18387,271,66134,0.24,0.47159304490206383,"[0.0, 0.0, 0.0, 1.0, 2.0]",41.854,99.723,50.705,2377216,3755520,97727360,75000,2377216,3755520,97727360,75000,0.0005000000237487257,0.24551624059677124,0.0005000000237487257,0.37318381667137146
65.66111989218847,56.11845289626994,61.8511104047377,100.0,960,96256,False,9510656,95104,101,27f3fdea70d44169b3b70d18de8f3b17,2019-10-14_15-50-59,1571068259,30.71919298171997,3088.6185252666473,31024,RL-K80,10.0.0.4,3088.6185252666473,9510656,101,4,c28d2d2e,34.12693355107224,27.724176853665472,1.1815631110452216,3.2959730646607066,2.1185622989967636,0.010000000000000009,0.010000000000000009,307,15432448,9510656,0.0,0.0,18574,271,66724,0.16,0.36660605559646714,"[0.0, 0.0, 0.0, 1.0, 1.0]",31.102,85.927,49.917,2402048,3793152,97727360,75000,2402048,3793152,97727360,75000,0.0005000000237487257,0.23395982384681702,0.0005000000237487257,0.3987201452255249
67.08755180312312,57.33599353248676,61.52103440405516,100.0,976,96512,False,9607168,96080,102,27f3fdea70d44169b3b70d18de8f3b17,2019-10-14_15-51-30,1571068290,30.58225727081299,3119.2007825374603,31024,RL-K80,10.0.0.4,3119.2007825374603,9607168,102,4,c28d2d2e,34.21165157299233,27.309382831062827,1.1815048801814863,3.295588396622888,2.1179695750921836,0.010000000000000009,0.010000000000000009,310,15581952,9607168,0.0,0.0,18763,271,67309,0.08,0.2712931993250107,"[0.0, 0.0, 0.0, 0.0, 1.0]",45.934,102.006,52.54,2423040,3830272,97727360,75000,2423040,3830272,97727360,75000,0.0005000000237487257,0.24897834658622742,0.0005000000237487257,0.40565943717956543
65.74047733349433,55.76801818882596,60.256851037912654,100.0,960,96512,False,9703680,97040,103,27f3fdea70d44169b3b70d18de8f3b17,2019-10-14_15-52-00,1571068320,30.531315803527832,3149.732098340988,31024,RL-K80,10.0.0.4,3149.732098340988,9703680,103,4,c28d2d2e,33.675012770712755,26.581838267199895,1.180307851577916,3.2946323584926156,2.1175230131261173,0.010000000000000009,0.010000000000000009,313,15731968,9703680,0.0,0.0,18951,271,67894,0.14,0.34698703145794946,"[0.0, 0.0, 0.0, 1.0, 1.0]",34.591,94.979,52.815,2443776,3867904,97727360,75000,2443776,3867904,97727360,75000,0.0005000000237487257,0.24497155845165253,0.0005000000237487257,0.4352033734321594
65.44456626277672,55.23142119553609,60.18899644236633,100.0,976,97024,False,9800704,98016,104,27f3fdea70d44169b3b70d18de8f3b17,2019-10-14_15-52-31,1571068351,30.520600080490112,3180.2526984214783,31024,RL-K80,10.0.0.4,3180.2526984214783,9800704,104,4,c28d2d2e,33.873379513603744,26.31561692876259,1.1810045342143751,3.294706700409854,2.1169997810581678,0.010000000000000009,0.010000000000000009,316,15881216,9800704,0.0,0.0,19141,271,68477,0.2,0.565685424949238,"[0.0, 0.0, 0.0, 1.0, 3.0]",41.004,118.948,59.498,2462720,3902976,97727360,75000,2462720,3902976,97727360,75000,0.0005000000237487257,0.2332792580127716,0.0005000000237487257,0.4554815888404846
65.76386347113446,54.75938081722496,60.21366697091201,100.0,960,96000,False,9896704,98976,105,27f3fdea70d44169b3b70d18de8f3b17,2019-10-14_15-53-01,1571068381,30.562724590301514,3210.81542301178,31024,RL-K80,10.0.0.4,3210.81542301178,9896704,105,4,c28d2d2e,34.121748133884566,26.091918837027446,1.1811365245669592,3.2947926137201744,2.1173382177399,0.010000000000000009,0.010000000000000009,319,16029952,9896704,0.0,35308.84,19328,271,69059,0.08,0.2712931993250107,"[0.0, 0.0, 0.0, 0.0, 1.0]",39.452,101.451,49.896,2487808,3939584,97727360,75000,2487808,3939584,97727360,75000,0.0005000000237487257,0.2526337802410126,0.0005000000237487257,0.4788859188556671
67.43376777070489,56.94477187902233,62.15773827254722,100.0,976,97536,False,9994240,99952,106,27f3fdea70d44169b3b70d18de8f3b17,2019-10-14_15-53-32,1571068412,30.54878258705139,3241.364205598831,31024,RL-K80,10.0.0.4,3241.364205598831,9994240,106,4,c28d2d2e,34.99303283620025,27.164705436346967,1.1803796831356768,3.2935991780240097,2.1161607165115135,0.010000000000000009,0.010000000000000009,322,16173824,9994240,0.0,0.0,19519,271,69620,0.06,0.23748684174075835,"[0.0, 0.0, 0.0, 0.0, 1.0]",32.814,87.386,39.68,2515200,3974400,97727360,75000,2515200,3974400,97727360,75000,0.0005000000237487257,0.25212720036506653,0.0005000000237487257,0.4616539776325226
66.5630481884039,58.78442025336548,62.63250789655441,100.0,984,99072,True,10093312,100936,107,27f3fdea70d44169b3b70d18de8f3b17,2019-10-14_15-54-02,1571068442,30.458056211471558,3271.8222618103027,31024,RL-K80,10.0.0.4,3271.8222618103027,10093312,107,4,c28d2d2e,35.319553805457986,27.312954091096422,1.1789717265127881,3.291313355562456,2.1152786657723945,0.010000000000000009,0.010000000000000009,325,16322048,10093312,0.0,0.0,19712,271,70199,0.24,0.4270831300812525,"[0.0, 0.0, 0.0, 1.0, 1.0]",38.872,94.812,47.561,2542848,4008192,97727360,75000,2542848,4008192,97727360,75000,0.0005000000237487257,0.2447376698255539,0.0005000000237487257,0.45939379930496216
